task_title,task_description,priority
Очистка устаревшего кода,Провести рефакторинг старых функций без изменения логики.,0.03
Очистка устаревшего кода,Провести рефакторинг старых функций без изменения логики.,0.0
Редактирование стиля кода,Применить линтер ко всем модулям проекта.,0.14
Обновление внутренней документации,Обновить описание API в Confluence.,0.03
Обновление внутренней документации,Обновить описание API в Confluence.,0.18
Добавление комментариев в код,Дополнить модули поясняющими комментариями.,0.01
Обновление внутренней документации,Обновить описание API в Confluence.,0.07
Очистка устаревшего кода,Провести рефакторинг старых функций без изменения логики.,0.07
Добавление комментариев в код,Дополнить модули поясняющими комментариями.,0.14
Добавление комментариев в код,Дополнить модули поясняющими комментариями.,0.05
Редактирование стиля кода,Применить линтер ко всем модулям проекта.,0.15
Очистка устаревшего кода,Провести рефакторинг старых функций без изменения логики.,0.11
Редактирование стиля кода,Применить линтер ко всем модулям проекта.,0.15
Очистка устаревшего кода,Провести рефакторинг старых функций без изменения логики.,0.15
Очистка устаревшего кода,Провести рефакторинг старых функций без изменения логики.,0.19
Редактирование стиля кода,Применить линтер ко всем модулям проекта.,0.1
Очистка устаревшего кода,Провести рефакторинг старых функций без изменения логики.,0.09
Обновление README,Уточнить инструкции по запуску проекта.,0.06
Обновление внутренней документации,Обновить описание API в Confluence.,0.12
Добавление комментариев в код,Дополнить модули поясняющими комментариями.,0.08
Очистка устаревшего кода,Провести рефакторинг старых функций без изменения логики.,0.04
Добавление комментариев в код,Дополнить модули поясняющими комментариями.,0.03
Очистка устаревшего кода,Провести рефакторинг старых функций без изменения логики.,0.13
Обновление README,Уточнить инструкции по запуску проекта.,0.07
Редактирование стиля кода,Применить линтер ко всем модулям проекта.,0.05
Добавление комментариев в код,Дополнить модули поясняющими комментариями.,0.12
Добавление комментариев в код,Дополнить модули поясняющими комментариями.,0.07
Редактирование стиля кода,Применить линтер ко всем модулям проекта.,0.12
Обновление внутренней документации,Обновить описание API в Confluence.,0.13
Добавление комментариев в код,Дополнить модули поясняющими комментариями.,0.08
Обновление README,Уточнить инструкции по запуску проекта.,0.04
Редактирование стиля кода,Применить линтер ко всем модулям проекта.,0.09
Обновление внутренней документации,Обновить описание API в Confluence.,0.05
Очистка устаревшего кода,Провести рефакторинг старых функций без изменения логики.,0.12
Обновление внутренней документации,Обновить описание API в Confluence.,0.09
Редактирование стиля кода,Применить линтер ко всем модулям проекта.,0.14
Добавление комментариев в код,Дополнить модули поясняющими комментариями.,0.07
Очистка устаревшего кода,Провести рефакторинг старых функций без изменения логики.,0.09
Обновление README,Уточнить инструкции по запуску проекта.,0.16
Добавление комментариев в код,Дополнить модули поясняющими комментариями.,0.16
Обновление внутренней документации,Обновить описание API в Confluence.,0.11
Обновление внутренней документации,Обновить описание API в Confluence.,0.09
Редактирование стиля кода,Применить линтер ко всем модулям проекта.,0.15
Редактирование стиля кода,Применить линтер ко всем модулям проекта.,0.2
Обновление внутренней документации,Обновить описание API в Confluence.,0.14
Редактирование стиля кода,Применить линтер ко всем модулям проекта.,0.13
Добавление комментариев в код,Дополнить модули поясняющими комментариями.,0.07
Очистка устаревшего кода,Провести рефакторинг старых функций без изменения логики.,0.07
Обновление внутренней документации,Обновить описание API в Confluence.,0.0
Добавление комментариев в код,Дополнить модули поясняющими комментариями.,0.09
Очистка устаревшего кода,Провести рефакторинг старых функций без изменения логики.,0.1
Добавление комментариев в код,Дополнить модули поясняющими комментариями.,0.03
Добавление комментариев в код,Дополнить модули поясняющими комментариями.,0.05
Редактирование стиля кода,Применить линтер ко всем модулям проекта.,0.02
Редактирование стиля кода,Применить линтер ко всем модулям проекта.,0.14
Обновление внутренней документации,Обновить описание API в Confluence.,0.11
Редактирование стиля кода,Применить линтер ко всем модулям проекта.,0.17
Обновление README,Уточнить инструкции по запуску проекта.,0.11
Обновление README,Уточнить инструкции по запуску проекта.,0.14
Обновление README,Уточнить инструкции по запуску проекта.,0.07
Обновление README,Уточнить инструкции по запуску проекта.,0.13
Обновление внутренней документации,Обновить описание API в Confluence.,0.06
Обновление README,Уточнить инструкции по запуску проекта.,0.06
Очистка устаревшего кода,Провести рефакторинг старых функций без изменения логики.,0.08
Добавление комментариев в код,Дополнить модули поясняющими комментариями.,0.14
Обновление внутренней документации,Обновить описание API в Confluence.,0.19
Добавление комментариев в код,Дополнить модули поясняющими комментариями.,0.02
Обновление внутренней документации,Обновить описание API в Confluence.,0.18
Редактирование стиля кода,Применить линтер ко всем модулям проекта.,0.14
Редактирование стиля кода,Применить линтер ко всем модулям проекта.,0.18
Очистка устаревшего кода,Провести рефакторинг старых функций без изменения логики.,0.09
Добавление комментариев в код,Дополнить модули поясняющими комментариями.,0.1
Очистка устаревшего кода,Провести рефакторинг старых функций без изменения логики.,0.02
Редактирование стиля кода,Применить линтер ко всем модулям проекта.,0.14
Обновление внутренней документации,Обновить описание API в Confluence.,0.13
Обновление README,Уточнить инструкции по запуску проекта.,0.03
Редактирование стиля кода,Применить линтер ко всем модулям проекта.,0.03
Редактирование стиля кода,Применить линтер ко всем модулям проекта.,0.17
Добавление комментариев в код,Дополнить модули поясняющими комментариями.,0.08
Обновление README,Уточнить инструкции по запуску проекта.,0.05
Очистка устаревшего кода,Провести рефакторинг старых функций без изменения логики.,0.01
Очистка устаревшего кода,Провести рефакторинг старых функций без изменения логики.,0.15
Редактирование стиля кода,Применить линтер ко всем модулям проекта.,0.06
Обновление README,Уточнить инструкции по запуску проекта.,0.04
Добавление комментариев в код,Дополнить модули поясняющими комментариями.,0.02
Очистка устаревшего кода,Провести рефакторинг старых функций без изменения логики.,0.1
Очистка устаревшего кода,Провести рефакторинг старых функций без изменения логики.,0.12
Добавление комментариев в код,Дополнить модули поясняющими комментариями.,0.09
Очистка устаревшего кода,Провести рефакторинг старых функций без изменения логики.,0.03
Обновление README,Уточнить инструкции по запуску проекта.,0.16
Обновление внутренней документации,Обновить описание API в Confluence.,0.19
Обновление внутренней документации,Обновить описание API в Confluence.,0.05
Обновление README,Уточнить инструкции по запуску проекта.,0.0
Добавление комментариев в код,Дополнить модули поясняющими комментариями.,0.03
Обновление README,Уточнить инструкции по запуску проекта.,0.11
Обновление README,Уточнить инструкции по запуску проекта.,0.17
Добавление комментариев в код,Дополнить модули поясняющими комментариями.,0.03
Обновление README,Уточнить инструкции по запуску проекта.,0.13
Добавление комментариев в код,Дополнить модули поясняющими комментариями.,0.06
Обновление внутренней документации,Обновить описание API в Confluence.,0.09
Добавление комментариев в код,Дополнить модули поясняющими комментариями.,0.09
Редактирование стиля кода,Применить линтер ко всем модулям проекта.,0.15
Редактирование стиля кода,Применить линтер ко всем модулям проекта.,0.17
Обновление README,Уточнить инструкции по запуску проекта.,0.06
Обновление внутренней документации,Обновить описание API в Confluence.,0.11
Редактирование стиля кода,Применить линтер ко всем модулям проекта.,0.03
Обновление README,Уточнить инструкции по запуску проекта.,0.07
Редактирование стиля кода,Применить линтер ко всем модулям проекта.,0.19
Обновление внутренней документации,Обновить описание API в Confluence.,0.07
Обновление README,Уточнить инструкции по запуску проекта.,0.01
Редактирование стиля кода,Применить линтер ко всем модулям проекта.,0.04
Добавление комментариев в код,Дополнить модули поясняющими комментариями.,0.04
Редактирование стиля кода,Применить линтер ко всем модулям проекта.,0.18
Очистка устаревшего кода,Провести рефакторинг старых функций без изменения логики.,0.11
Обновление внутренней документации,Обновить описание API в Confluence.,0.07
Обновление внутренней документации,Обновить описание API в Confluence.,0.19
Обновление внутренней документации,Обновить описание API в Confluence.,0.02
Добавление комментариев в код,Дополнить модули поясняющими комментариями.,0.2
Обновление внутренней документации,Обновить описание API в Confluence.,0.12
Добавление комментариев в код,Дополнить модули поясняющими комментариями.,0.18
Обновление README,Уточнить инструкции по запуску проекта.,0.15
Очистка устаревшего кода,Провести рефакторинг старых функций без изменения логики.,0.1
Добавление комментариев в код,Дополнить модули поясняющими комментариями.,0.02
Редактирование стиля кода,Применить линтер ко всем модулям проекта.,0.16
Обновление README,Уточнить инструкции по запуску проекта.,0.2
Обновление README,Уточнить инструкции по запуску проекта.,0.05
Очистка устаревшего кода,Провести рефакторинг старых функций без изменения логики.,0.01
Очистка устаревшего кода,Провести рефакторинг старых функций без изменения логики.,0.02
Добавление комментариев в код,Дополнить модули поясняющими комментариями.,0.18
Очистка устаревшего кода,Провести рефакторинг старых функций без изменения логики.,0.18
Обновление внутренней документации,Обновить описание API в Confluence.,0.08
Редактирование стиля кода,Применить линтер ко всем модулям проекта.,0.16
Добавление комментариев в код,Дополнить модули поясняющими комментариями.,0.19
Очистка устаревшего кода,Провести рефакторинг старых функций без изменения логики.,0.03
Обновление README,Уточнить инструкции по запуску проекта.,0.09
Редактирование стиля кода,Применить линтер ко всем модулям проекта.,0.14
Очистка устаревшего кода,Провести рефакторинг старых функций без изменения логики.,0.09
Очистка устаревшего кода,Провести рефакторинг старых функций без изменения логики.,0.13
Редактирование стиля кода,Применить линтер ко всем модулям проекта.,0.1
Добавление комментариев в код,Дополнить модули поясняющими комментариями.,0.03
Обновление README,Уточнить инструкции по запуску проекта.,0.1
Обновление README,Уточнить инструкции по запуску проекта.,0.18
Очистка устаревшего кода,Провести рефакторинг старых функций без изменения логики.,0.15
Обновление README,Уточнить инструкции по запуску проекта.,0.17
Очистка устаревшего кода,Провести рефакторинг старых функций без изменения логики.,0.03
Очистка устаревшего кода,Провести рефакторинг старых функций без изменения логики.,0.11
Обновление README,Уточнить инструкции по запуску проекта.,0.12
Обновление README,Уточнить инструкции по запуску проекта.,0.02
Обновление внутренней документации,Обновить описание API в Confluence.,0.14
Добавление комментариев в код,Дополнить модули поясняющими комментариями.,0.05
Обновление внутренней документации,Обновить описание API в Confluence.,0.17
Редактирование стиля кода,Применить линтер ко всем модулям проекта.,0.17
Обновление внутренней документации,Обновить описание API в Confluence.,0.02
Обновление README,Уточнить инструкции по запуску проекта.,0.19
Очистка устаревшего кода,Провести рефакторинг старых функций без изменения логики.,0.14
Обновление внутренней документации,Обновить описание API в Confluence.,0.07
Обновление внутренней документации,Обновить описание API в Confluence.,0.1
Очистка устаревшего кода,Провести рефакторинг старых функций без изменения логики.,0.03
Обновление внутренней документации,Обновить описание API в Confluence.,0.19
Очистка устаревшего кода,Провести рефакторинг старых функций без изменения логики.,0.05
Очистка устаревшего кода,Провести рефакторинг старых функций без изменения логики.,0.17
Очистка устаревшего кода,Провести рефакторинг старых функций без изменения логики.,0.17
Редактирование стиля кода,Применить линтер ко всем модулям проекта.,0.01
Очистка устаревшего кода,Провести рефакторинг старых функций без изменения логики.,0.04
Очистка устаревшего кода,Провести рефакторинг старых функций без изменения логики.,0.05
Обновление внутренней документации,Обновить описание API в Confluence.,0.09
Добавление комментариев в код,Дополнить модули поясняющими комментариями.,0.05
Обновление README,Уточнить инструкции по запуску проекта.,0.17
Очистка устаревшего кода,Провести рефакторинг старых функций без изменения логики.,0.08
Редактирование стиля кода,Применить линтер ко всем модулям проекта.,0.04
Добавление комментариев в код,Дополнить модули поясняющими комментариями.,0.16
Обновление внутренней документации,Обновить описание API в Confluence.,0.04
Обновление внутренней документации,Обновить описание API в Confluence.,0.11
Обновление внутренней документации,Обновить описание API в Confluence.,0.08
Добавление комментариев в код,Дополнить модули поясняющими комментариями.,0.11
Добавление комментариев в код,Дополнить модули поясняющими комментариями.,0.19
Добавление комментариев в код,Дополнить модули поясняющими комментариями.,0.04
Обновление README,Уточнить инструкции по запуску проекта.,0.13
Добавление комментариев в код,Дополнить модули поясняющими комментариями.,0.13
Очистка устаревшего кода,Провести рефакторинг старых функций без изменения логики.,0.18
Очистка устаревшего кода,Провести рефакторинг старых функций без изменения логики.,0.02
Очистка устаревшего кода,Провести рефакторинг старых функций без изменения логики.,0.09
Очистка устаревшего кода,Провести рефакторинг старых функций без изменения логики.,0.11
Обновление внутренней документации,Обновить описание API в Confluence.,0.02
Обновление внутренней документации,Обновить описание API в Confluence.,0.18
Обновление README,Уточнить инструкции по запуску проекта.,0.16
Добавление комментариев в код,Дополнить модули поясняющими комментариями.,0.19
Редактирование стиля кода,Применить линтер ко всем модулям проекта.,0.07
Добавление комментариев в код,Дополнить модули поясняющими комментариями.,0.03
Обновление внутренней документации,Обновить описание API в Confluence.,0.18
Обновление README,Уточнить инструкции по запуску проекта.,0.11
Обновление внутренней документации,Обновить описание API в Confluence.,0.07
Редактирование стиля кода,Применить линтер ко всем модулям проекта.,0.02
Очистка устаревшего кода,Провести рефакторинг старых функций без изменения логики.,0.18
Очистка устаревшего кода,Провести рефакторинг старых функций без изменения логики.,0.11
Обновление внутренней документации,Обновить описание API в Confluence.,0.09
Обновление внутренней документации,Обновить описание API в Confluence.,0.13
Добавление комментариев в код,Дополнить модули поясняющими комментариями.,0.15
Обновление внутренней документации,Обновить описание API в Confluence.,0.06
Обновление README,Уточнить инструкции по запуску проекта.,0.08
Обновление схемы БД,Внести незначительные изменения в структуру таблиц.,0.28
Согласование внутренних стандартов,Обсудить и обновить код-стайл.,0.26
Написание инструкции по сборке,Описать шаги для локального развертывания приложения.,0.27
Написание инструкции по сборке,Описать шаги для локального развертывания приложения.,0.27
Написание инструкции по сборке,Описать шаги для локального развертывания приложения.,0.24
Написание инструкции по сборке,Описать шаги для локального развертывания приложения.,0.22
Написание инструкции по сборке,Описать шаги для локального развертывания приложения.,0.23
Создание черновика плана задач,Сформировать предварительный план на следующий спринт.,0.27
Согласование внутренних стандартов,Обсудить и обновить код-стайл.,0.33
Написание инструкции по сборке,Описать шаги для локального развертывания приложения.,0.34
Обновление схемы БД,Внести незначительные изменения в структуру таблиц.,0.27
Подготовка списка изменений,Составить список доработок для ближайшего релиза.,0.23
Написание инструкции по сборке,Описать шаги для локального развертывания приложения.,0.33
Написание инструкции по сборке,Описать шаги для локального развертывания приложения.,0.23
Согласование внутренних стандартов,Обсудить и обновить код-стайл.,0.32
Обновление схемы БД,Внести незначительные изменения в структуру таблиц.,0.24
Обновление схемы БД,Внести незначительные изменения в структуру таблиц.,0.23
Согласование внутренних стандартов,Обсудить и обновить код-стайл.,0.26
Согласование внутренних стандартов,Обсудить и обновить код-стайл.,0.26
Подготовка списка изменений,Составить список доработок для ближайшего релиза.,0.26
Написание инструкции по сборке,Описать шаги для локального развертывания приложения.,0.25
Подготовка списка изменений,Составить список доработок для ближайшего релиза.,0.27
Подготовка списка изменений,Составить список доработок для ближайшего релиза.,0.32
Подготовка списка изменений,Составить список доработок для ближайшего релиза.,0.33
Написание инструкции по сборке,Описать шаги для локального развертывания приложения.,0.35
Согласование внутренних стандартов,Обсудить и обновить код-стайл.,0.3
Написание инструкции по сборке,Описать шаги для локального развертывания приложения.,0.23
Обновление схемы БД,Внести незначительные изменения в структуру таблиц.,0.34
Написание инструкции по сборке,Описать шаги для локального развертывания приложения.,0.28
Написание инструкции по сборке,Описать шаги для локального развертывания приложения.,0.33
Согласование внутренних стандартов,Обсудить и обновить код-стайл.,0.24
Написание инструкции по сборке,Описать шаги для локального развертывания приложения.,0.34
Написание инструкции по сборке,Описать шаги для локального развертывания приложения.,0.32
Написание инструкции по сборке,Описать шаги для локального развертывания приложения.,0.32
Создание черновика плана задач,Сформировать предварительный план на следующий спринт.,0.23
Согласование внутренних стандартов,Обсудить и обновить код-стайл.,0.28
Создание черновика плана задач,Сформировать предварительный план на следующий спринт.,0.3
Написание инструкции по сборке,Описать шаги для локального развертывания приложения.,0.26
Написание инструкции по сборке,Описать шаги для локального развертывания приложения.,0.23
Обновление схемы БД,Внести незначительные изменения в структуру таблиц.,0.26
Обновление схемы БД,Внести незначительные изменения в структуру таблиц.,0.27
Создание черновика плана задач,Сформировать предварительный план на следующий спринт.,0.28
Подготовка списка изменений,Составить список доработок для ближайшего релиза.,0.31
Обновление схемы БД,Внести незначительные изменения в структуру таблиц.,0.22
Создание черновика плана задач,Сформировать предварительный план на следующий спринт.,0.26
Подготовка списка изменений,Составить список доработок для ближайшего релиза.,0.21
Обновление схемы БД,Внести незначительные изменения в структуру таблиц.,0.28
Подготовка списка изменений,Составить список доработок для ближайшего релиза.,0.22
Согласование внутренних стандартов,Обсудить и обновить код-стайл.,0.24
Обновление схемы БД,Внести незначительные изменения в структуру таблиц.,0.26
Создание черновика плана задач,Сформировать предварительный план на следующий спринт.,0.23
Написание инструкции по сборке,Описать шаги для локального развертывания приложения.,0.3
Подготовка списка изменений,Составить список доработок для ближайшего релиза.,0.29
Подготовка списка изменений,Составить список доработок для ближайшего релиза.,0.34
Согласование внутренних стандартов,Обсудить и обновить код-стайл.,0.25
Подготовка списка изменений,Составить список доработок для ближайшего релиза.,0.23
Написание инструкции по сборке,Описать шаги для локального развертывания приложения.,0.22
Создание черновика плана задач,Сформировать предварительный план на следующий спринт.,0.24
Создание черновика плана задач,Сформировать предварительный план на следующий спринт.,0.29
Согласование внутренних стандартов,Обсудить и обновить код-стайл.,0.34
Подготовка списка изменений,Составить список доработок для ближайшего релиза.,0.27
Создание черновика плана задач,Сформировать предварительный план на следующий спринт.,0.29
Обновление схемы БД,Внести незначительные изменения в структуру таблиц.,0.32
Обновление схемы БД,Внести незначительные изменения в структуру таблиц.,0.31
Создание черновика плана задач,Сформировать предварительный план на следующий спринт.,0.35
Создание черновика плана задач,Сформировать предварительный план на следующий спринт.,0.22
Обновление схемы БД,Внести незначительные изменения в структуру таблиц.,0.3
Написание инструкции по сборке,Описать шаги для локального развертывания приложения.,0.33
Обновление схемы БД,Внести незначительные изменения в структуру таблиц.,0.22
Подготовка списка изменений,Составить список доработок для ближайшего релиза.,0.32
Обновление схемы БД,Внести незначительные изменения в структуру таблиц.,0.23
Написание инструкции по сборке,Описать шаги для локального развертывания приложения.,0.32
Согласование внутренних стандартов,Обсудить и обновить код-стайл.,0.33
Создание черновика плана задач,Сформировать предварительный план на следующий спринт.,0.25
Обновление схемы БД,Внести незначительные изменения в структуру таблиц.,0.3
Создание черновика плана задач,Сформировать предварительный план на следующий спринт.,0.29
Написание инструкции по сборке,Описать шаги для локального развертывания приложения.,0.21
Подготовка списка изменений,Составить список доработок для ближайшего релиза.,0.23
Создание черновика плана задач,Сформировать предварительный план на следующий спринт.,0.34
Обновление схемы БД,Внести незначительные изменения в структуру таблиц.,0.31
Создание черновика плана задач,Сформировать предварительный план на следующий спринт.,0.28
Согласование внутренних стандартов,Обсудить и обновить код-стайл.,0.35
Создание черновика плана задач,Сформировать предварительный план на следующий спринт.,0.27
Подготовка списка изменений,Составить список доработок для ближайшего релиза.,0.22
Согласование внутренних стандартов,Обсудить и обновить код-стайл.,0.32
Подготовка списка изменений,Составить список доработок для ближайшего релиза.,0.27
Согласование внутренних стандартов,Обсудить и обновить код-стайл.,0.35
Создание черновика плана задач,Сформировать предварительный план на следующий спринт.,0.32
Написание инструкции по сборке,Описать шаги для локального развертывания приложения.,0.22
Написание инструкции по сборке,Описать шаги для локального развертывания приложения.,0.32
Написание инструкции по сборке,Описать шаги для локального развертывания приложения.,0.3
Согласование внутренних стандартов,Обсудить и обновить код-стайл.,0.3
Создание черновика плана задач,Сформировать предварительный план на следующий спринт.,0.31
Создание черновика плана задач,Сформировать предварительный план на следующий спринт.,0.34
Подготовка списка изменений,Составить список доработок для ближайшего релиза.,0.3
Подготовка списка изменений,Составить список доработок для ближайшего релиза.,0.22
Согласование внутренних стандартов,Обсудить и обновить код-стайл.,0.33
Обновление схемы БД,Внести незначительные изменения в структуру таблиц.,0.31
Подготовка списка изменений,Составить список доработок для ближайшего релиза.,0.24
Согласование внутренних стандартов,Обсудить и обновить код-стайл.,0.29
Написание инструкции по сборке,Описать шаги для локального развертывания приложения.,0.31
Написание инструкции по сборке,Описать шаги для локального развертывания приложения.,0.33
Подготовка списка изменений,Составить список доработок для ближайшего релиза.,0.32
Обновление схемы БД,Внести незначительные изменения в структуру таблиц.,0.24
Подготовка списка изменений,Составить список доработок для ближайшего релиза.,0.35
Создание черновика плана задач,Сформировать предварительный план на следующий спринт.,0.25
Создание черновика плана задач,Сформировать предварительный план на следующий спринт.,0.29
Обновление схемы БД,Внести незначительные изменения в структуру таблиц.,0.26
Создание черновика плана задач,Сформировать предварительный план на следующий спринт.,0.24
Создание черновика плана задач,Сформировать предварительный план на следующий спринт.,0.22
Создание черновика плана задач,Сформировать предварительный план на следующий спринт.,0.24
Согласование внутренних стандартов,Обсудить и обновить код-стайл.,0.34
Написание инструкции по сборке,Описать шаги для локального развертывания приложения.,0.22
Обновление схемы БД,Внести незначительные изменения в структуру таблиц.,0.24
Создание черновика плана задач,Сформировать предварительный план на следующий спринт.,0.27
Согласование внутренних стандартов,Обсудить и обновить код-стайл.,0.27
Обновление схемы БД,Внести незначительные изменения в структуру таблиц.,0.26
Создание черновика плана задач,Сформировать предварительный план на следующий спринт.,0.33
Написание инструкции по сборке,Описать шаги для локального развертывания приложения.,0.3
Согласование внутренних стандартов,Обсудить и обновить код-стайл.,0.23
Согласование внутренних стандартов,Обсудить и обновить код-стайл.,0.31
Согласование внутренних стандартов,Обсудить и обновить код-стайл.,0.28
Согласование внутренних стандартов,Обсудить и обновить код-стайл.,0.33
Подготовка списка изменений,Составить список доработок для ближайшего релиза.,0.34
Подготовка списка изменений,Составить список доработок для ближайшего релиза.,0.23
Обновление схемы БД,Внести незначительные изменения в структуру таблиц.,0.35
Обновление схемы БД,Внести незначительные изменения в структуру таблиц.,0.34
Написание инструкции по сборке,Описать шаги для локального развертывания приложения.,0.35
Обновление схемы БД,Внести незначительные изменения в структуру таблиц.,0.33
Обновление схемы БД,Внести незначительные изменения в структуру таблиц.,0.23
Согласование внутренних стандартов,Обсудить и обновить код-стайл.,0.35
Подготовка списка изменений,Составить список доработок для ближайшего релиза.,0.3
Создание черновика плана задач,Сформировать предварительный план на следующий спринт.,0.28
Обновление схемы БД,Внести незначительные изменения в структуру таблиц.,0.24
Обновление схемы БД,Внести незначительные изменения в структуру таблиц.,0.22
Обновление схемы БД,Внести незначительные изменения в структуру таблиц.,0.35
Создание черновика плана задач,Сформировать предварительный план на следующий спринт.,0.25
Написание инструкции по сборке,Описать шаги для локального развертывания приложения.,0.27
Обновление схемы БД,Внести незначительные изменения в структуру таблиц.,0.3
Создание черновика плана задач,Сформировать предварительный план на следующий спринт.,0.31
Обновление схемы БД,Внести незначительные изменения в структуру таблиц.,0.22
Подготовка списка изменений,Составить список доработок для ближайшего релиза.,0.3
Создание черновика плана задач,Сформировать предварительный план на следующий спринт.,0.22
Согласование внутренних стандартов,Обсудить и обновить код-стайл.,0.35
Согласование внутренних стандартов,Обсудить и обновить код-стайл.,0.24
Создание черновика плана задач,Сформировать предварительный план на следующий спринт.,0.31
Написание инструкции по сборке,Описать шаги для локального развертывания приложения.,0.25
Написание инструкции по сборке,Описать шаги для локального развертывания приложения.,0.23
Подготовка списка изменений,Составить список доработок для ближайшего релиза.,0.29
Создание черновика плана задач,Сформировать предварительный план на следующий спринт.,0.28
Подготовка списка изменений,Составить список доработок для ближайшего релиза.,0.26
Согласование внутренних стандартов,Обсудить и обновить код-стайл.,0.27
Написание инструкции по сборке,Описать шаги для локального развертывания приложения.,0.34
Согласование внутренних стандартов,Обсудить и обновить код-стайл.,0.28
Подготовка списка изменений,Составить список доработок для ближайшего релиза.,0.33
Согласование внутренних стандартов,Обсудить и обновить код-стайл.,0.27
Создание черновика плана задач,Сформировать предварительный план на следующий спринт.,0.29
Обновление схемы БД,Внести незначительные изменения в структуру таблиц.,0.22
Согласование внутренних стандартов,Обсудить и обновить код-стайл.,0.33
Согласование внутренних стандартов,Обсудить и обновить код-стайл.,0.33
Создание черновика плана задач,Сформировать предварительный план на следующий спринт.,0.22
Согласование внутренних стандартов,Обсудить и обновить код-стайл.,0.31
Написание инструкции по сборке,Описать шаги для локального развертывания приложения.,0.21
Написание инструкции по сборке,Описать шаги для локального развертывания приложения.,0.29
Согласование внутренних стандартов,Обсудить и обновить код-стайл.,0.23
Написание инструкции по сборке,Описать шаги для локального развертывания приложения.,0.26
Обновление схемы БД,Внести незначительные изменения в структуру таблиц.,0.34
Обновление схемы БД,Внести незначительные изменения в структуру таблиц.,0.29
Написание инструкции по сборке,Описать шаги для локального развертывания приложения.,0.32
Обновление схемы БД,Внести незначительные изменения в структуру таблиц.,0.24
Согласование внутренних стандартов,Обсудить и обновить код-стайл.,0.28
Подготовка списка изменений,Составить список доработок для ближайшего релиза.,0.35
Подготовка списка изменений,Составить список доработок для ближайшего релиза.,0.24
Обновление схемы БД,Внести незначительные изменения в структуру таблиц.,0.22
Обновление схемы БД,Внести незначительные изменения в структуру таблиц.,0.31
Согласование внутренних стандартов,Обсудить и обновить код-стайл.,0.26
Обновление схемы БД,Внести незначительные изменения в структуру таблиц.,0.32
Написание инструкции по сборке,Описать шаги для локального развертывания приложения.,0.26
Согласование внутренних стандартов,Обсудить и обновить код-стайл.,0.34
Обновление схемы БД,Внести незначительные изменения в структуру таблиц.,0.22
Написание инструкции по сборке,Описать шаги для локального развертывания приложения.,0.34
Согласование внутренних стандартов,Обсудить и обновить код-стайл.,0.25
Написание инструкции по сборке,Описать шаги для локального развертывания приложения.,0.26
Согласование внутренних стандартов,Обсудить и обновить код-стайл.,0.27
Написание инструкции по сборке,Описать шаги для локального развертывания приложения.,0.26
Написание инструкции по сборке,Описать шаги для локального развертывания приложения.,0.33
Подготовка списка изменений,Составить список доработок для ближайшего релиза.,0.32
Обновление схемы БД,Внести незначительные изменения в структуру таблиц.,0.24
Подготовка списка изменений,Составить список доработок для ближайшего релиза.,0.32
Подготовка списка изменений,Составить список доработок для ближайшего релиза.,0.34
Обновление схемы БД,Внести незначительные изменения в структуру таблиц.,0.28
Создание черновика плана задач,Сформировать предварительный план на следующий спринт.,0.25
Согласование внутренних стандартов,Обсудить и обновить код-стайл.,0.25
Обновление схемы БД,Внести незначительные изменения в структуру таблиц.,0.27
Написание инструкции по сборке,Описать шаги для локального развертывания приложения.,0.29
Создание черновика плана задач,Сформировать предварительный план на следующий спринт.,0.32
Написание инструкции по сборке,Описать шаги для локального развертывания приложения.,0.24
Создание черновика плана задач,Сформировать предварительный план на следующий спринт.,0.31
Согласование внутренних стандартов,Обсудить и обновить код-стайл.,0.31
Согласование внутренних стандартов,Обсудить и обновить код-стайл.,0.34
Создание юнит-тестов,Покрыть модуль авторизации тестами.,0.4
Создание юнит-тестов,Покрыть модуль авторизации тестами.,0.52
Оптимизация алгоритма сортировки,Ускорить функцию сортировки в модуле отчетов.,0.53
Разработка утилиты для импорта данных,Создать CLI-скрипт для загрузки CSV в БД.,0.48
Создание юнит-тестов,Покрыть модуль авторизации тестами.,0.51
Настройка логирования,Добавить логирование ошибок и действий пользователя.,0.43
Интеграция с внешним API,Подключить REST API внешнего сервиса в фоновом режиме.,0.38
Разработка утилиты для импорта данных,Создать CLI-скрипт для загрузки CSV в БД.,0.52
Настройка логирования,Добавить логирование ошибок и действий пользователя.,0.47
Создание юнит-тестов,Покрыть модуль авторизации тестами.,0.42
Создание юнит-тестов,Покрыть модуль авторизации тестами.,0.39
Интеграция с внешним API,Подключить REST API внешнего сервиса в фоновом режиме.,0.41
Оптимизация алгоритма сортировки,Ускорить функцию сортировки в модуле отчетов.,0.47
Разработка утилиты для импорта данных,Создать CLI-скрипт для загрузки CSV в БД.,0.45
Оптимизация алгоритма сортировки,Ускорить функцию сортировки в модуле отчетов.,0.39
Разработка утилиты для импорта данных,Создать CLI-скрипт для загрузки CSV в БД.,0.54
Оптимизация алгоритма сортировки,Ускорить функцию сортировки в модуле отчетов.,0.38
Настройка логирования,Добавить логирование ошибок и действий пользователя.,0.43
Создание юнит-тестов,Покрыть модуль авторизации тестами.,0.47
Настройка логирования,Добавить логирование ошибок и действий пользователя.,0.47
Создание юнит-тестов,Покрыть модуль авторизации тестами.,0.49
Разработка утилиты для импорта данных,Создать CLI-скрипт для загрузки CSV в БД.,0.36
Оптимизация алгоритма сортировки,Ускорить функцию сортировки в модуле отчетов.,0.49
Разработка утилиты для импорта данных,Создать CLI-скрипт для загрузки CSV в БД.,0.52
Оптимизация алгоритма сортировки,Ускорить функцию сортировки в модуле отчетов.,0.51
Настройка логирования,Добавить логирование ошибок и действий пользователя.,0.47
Создание юнит-тестов,Покрыть модуль авторизации тестами.,0.37
Создание юнит-тестов,Покрыть модуль авторизации тестами.,0.49
Разработка утилиты для импорта данных,Создать CLI-скрипт для загрузки CSV в БД.,0.36
Оптимизация алгоритма сортировки,Ускорить функцию сортировки в модуле отчетов.,0.37
Оптимизация алгоритма сортировки,Ускорить функцию сортировки в модуле отчетов.,0.47
Настройка логирования,Добавить логирование ошибок и действий пользователя.,0.38
Разработка утилиты для импорта данных,Создать CLI-скрипт для загрузки CSV в БД.,0.43
Разработка утилиты для импорта данных,Создать CLI-скрипт для загрузки CSV в БД.,0.49
Оптимизация алгоритма сортировки,Ускорить функцию сортировки в модуле отчетов.,0.48
Оптимизация алгоритма сортировки,Ускорить функцию сортировки в модуле отчетов.,0.41
Оптимизация алгоритма сортировки,Ускорить функцию сортировки в модуле отчетов.,0.41
Настройка логирования,Добавить логирование ошибок и действий пользователя.,0.41
Создание юнит-тестов,Покрыть модуль авторизации тестами.,0.45
Создание юнит-тестов,Покрыть модуль авторизации тестами.,0.4
Создание юнит-тестов,Покрыть модуль авторизации тестами.,0.51
Интеграция с внешним API,Подключить REST API внешнего сервиса в фоновом режиме.,0.45
Оптимизация алгоритма сортировки,Ускорить функцию сортировки в модуле отчетов.,0.4
Настройка логирования,Добавить логирование ошибок и действий пользователя.,0.42
Разработка утилиты для импорта данных,Создать CLI-скрипт для загрузки CSV в БД.,0.47
Интеграция с внешним API,Подключить REST API внешнего сервиса в фоновом режиме.,0.52
Разработка утилиты для импорта данных,Создать CLI-скрипт для загрузки CSV в БД.,0.42
Оптимизация алгоритма сортировки,Ускорить функцию сортировки в модуле отчетов.,0.44
Интеграция с внешним API,Подключить REST API внешнего сервиса в фоновом режиме.,0.43
Настройка логирования,Добавить логирование ошибок и действий пользователя.,0.46
Оптимизация алгоритма сортировки,Ускорить функцию сортировки в модуле отчетов.,0.43
Оптимизация алгоритма сортировки,Ускорить функцию сортировки в модуле отчетов.,0.52
Создание юнит-тестов,Покрыть модуль авторизации тестами.,0.51
Настройка логирования,Добавить логирование ошибок и действий пользователя.,0.51
Создание юнит-тестов,Покрыть модуль авторизации тестами.,0.46
Интеграция с внешним API,Подключить REST API внешнего сервиса в фоновом режиме.,0.4
Оптимизация алгоритма сортировки,Ускорить функцию сортировки в модуле отчетов.,0.49
Интеграция с внешним API,Подключить REST API внешнего сервиса в фоновом режиме.,0.45
Интеграция с внешним API,Подключить REST API внешнего сервиса в фоновом режиме.,0.46
Разработка утилиты для импорта данных,Создать CLI-скрипт для загрузки CSV в БД.,0.42
Разработка утилиты для импорта данных,Создать CLI-скрипт для загрузки CSV в БД.,0.41
Настройка логирования,Добавить логирование ошибок и действий пользователя.,0.53
Настройка логирования,Добавить логирование ошибок и действий пользователя.,0.38
Разработка утилиты для импорта данных,Создать CLI-скрипт для загрузки CSV в БД.,0.54
Разработка утилиты для импорта данных,Создать CLI-скрипт для загрузки CSV в БД.,0.42
Оптимизация алгоритма сортировки,Ускорить функцию сортировки в модуле отчетов.,0.54
Разработка утилиты для импорта данных,Создать CLI-скрипт для загрузки CSV в БД.,0.39
Разработка утилиты для импорта данных,Создать CLI-скрипт для загрузки CSV в БД.,0.54
Интеграция с внешним API,Подключить REST API внешнего сервиса в фоновом режиме.,0.47
Настройка логирования,Добавить логирование ошибок и действий пользователя.,0.37
Разработка утилиты для импорта данных,Создать CLI-скрипт для загрузки CSV в БД.,0.44
Интеграция с внешним API,Подключить REST API внешнего сервиса в фоновом режиме.,0.38
Интеграция с внешним API,Подключить REST API внешнего сервиса в фоновом режиме.,0.53
Интеграция с внешним API,Подключить REST API внешнего сервиса в фоновом режиме.,0.48
Разработка утилиты для импорта данных,Создать CLI-скрипт для загрузки CSV в БД.,0.37
Интеграция с внешним API,Подключить REST API внешнего сервиса в фоновом режиме.,0.53
Разработка утилиты для импорта данных,Создать CLI-скрипт для загрузки CSV в БД.,0.4
Оптимизация алгоритма сортировки,Ускорить функцию сортировки в модуле отчетов.,0.36
Оптимизация алгоритма сортировки,Ускорить функцию сортировки в модуле отчетов.,0.51
Оптимизация алгоритма сортировки,Ускорить функцию сортировки в модуле отчетов.,0.45
Настройка логирования,Добавить логирование ошибок и действий пользователя.,0.42
Разработка утилиты для импорта данных,Создать CLI-скрипт для загрузки CSV в БД.,0.43
Интеграция с внешним API,Подключить REST API внешнего сервиса в фоновом режиме.,0.52
Создание юнит-тестов,Покрыть модуль авторизации тестами.,0.43
Настройка логирования,Добавить логирование ошибок и действий пользователя.,0.49
Создание юнит-тестов,Покрыть модуль авторизации тестами.,0.5
Создание юнит-тестов,Покрыть модуль авторизации тестами.,0.43
Разработка утилиты для импорта данных,Создать CLI-скрипт для загрузки CSV в БД.,0.51
Создание юнит-тестов,Покрыть модуль авторизации тестами.,0.55
Создание юнит-тестов,Покрыть модуль авторизации тестами.,0.47
Настройка логирования,Добавить логирование ошибок и действий пользователя.,0.4
Разработка утилиты для импорта данных,Создать CLI-скрипт для загрузки CSV в БД.,0.43
Оптимизация алгоритма сортировки,Ускорить функцию сортировки в модуле отчетов.,0.38
Интеграция с внешним API,Подключить REST API внешнего сервиса в фоновом режиме.,0.4
Интеграция с внешним API,Подключить REST API внешнего сервиса в фоновом режиме.,0.49
Оптимизация алгоритма сортировки,Ускорить функцию сортировки в модуле отчетов.,0.46
Разработка утилиты для импорта данных,Создать CLI-скрипт для загрузки CSV в БД.,0.37
Оптимизация алгоритма сортировки,Ускорить функцию сортировки в модуле отчетов.,0.52
Оптимизация алгоритма сортировки,Ускорить функцию сортировки в модуле отчетов.,0.44
Создание юнит-тестов,Покрыть модуль авторизации тестами.,0.49
Разработка утилиты для импорта данных,Создать CLI-скрипт для загрузки CSV в БД.,0.51
Создание юнит-тестов,Покрыть модуль авторизации тестами.,0.46
Оптимизация алгоритма сортировки,Ускорить функцию сортировки в модуле отчетов.,0.38
Оптимизация алгоритма сортировки,Ускорить функцию сортировки в модуле отчетов.,0.48
Оптимизация алгоритма сортировки,Ускорить функцию сортировки в модуле отчетов.,0.42
Оптимизация алгоритма сортировки,Ускорить функцию сортировки в модуле отчетов.,0.37
Оптимизация алгоритма сортировки,Ускорить функцию сортировки в модуле отчетов.,0.37
Оптимизация алгоритма сортировки,Ускорить функцию сортировки в модуле отчетов.,0.52
Оптимизация алгоритма сортировки,Ускорить функцию сортировки в модуле отчетов.,0.53
Интеграция с внешним API,Подключить REST API внешнего сервиса в фоновом режиме.,0.36
Разработка утилиты для импорта данных,Создать CLI-скрипт для загрузки CSV в БД.,0.53
Настройка логирования,Добавить логирование ошибок и действий пользователя.,0.44
Интеграция с внешним API,Подключить REST API внешнего сервиса в фоновом режиме.,0.37
Оптимизация алгоритма сортировки,Ускорить функцию сортировки в модуле отчетов.,0.49
Настройка логирования,Добавить логирование ошибок и действий пользователя.,0.46
Интеграция с внешним API,Подключить REST API внешнего сервиса в фоновом режиме.,0.4
Интеграция с внешним API,Подключить REST API внешнего сервиса в фоновом режиме.,0.48
Интеграция с внешним API,Подключить REST API внешнего сервиса в фоновом режиме.,0.46
Интеграция с внешним API,Подключить REST API внешнего сервиса в фоновом режиме.,0.49
Оптимизация алгоритма сортировки,Ускорить функцию сортировки в модуле отчетов.,0.38
Создание юнит-тестов,Покрыть модуль авторизации тестами.,0.49
Интеграция с внешним API,Подключить REST API внешнего сервиса в фоновом режиме.,0.48
Создание юнит-тестов,Покрыть модуль авторизации тестами.,0.48
Разработка утилиты для импорта данных,Создать CLI-скрипт для загрузки CSV в БД.,0.38
Оптимизация алгоритма сортировки,Ускорить функцию сортировки в модуле отчетов.,0.43
Оптимизация алгоритма сортировки,Ускорить функцию сортировки в модуле отчетов.,0.53
Интеграция с внешним API,Подключить REST API внешнего сервиса в фоновом режиме.,0.39
Создание юнит-тестов,Покрыть модуль авторизации тестами.,0.51
Создание юнит-тестов,Покрыть модуль авторизации тестами.,0.4
Интеграция с внешним API,Подключить REST API внешнего сервиса в фоновом режиме.,0.38
Создание юнит-тестов,Покрыть модуль авторизации тестами.,0.43
Интеграция с внешним API,Подключить REST API внешнего сервиса в фоновом режиме.,0.51
Создание юнит-тестов,Покрыть модуль авторизации тестами.,0.37
Интеграция с внешним API,Подключить REST API внешнего сервиса в фоновом режиме.,0.39
Оптимизация алгоритма сортировки,Ускорить функцию сортировки в модуле отчетов.,0.38
Интеграция с внешним API,Подключить REST API внешнего сервиса в фоновом режиме.,0.43
Настройка логирования,Добавить логирование ошибок и действий пользователя.,0.47
Настройка логирования,Добавить логирование ошибок и действий пользователя.,0.45
Настройка логирования,Добавить логирование ошибок и действий пользователя.,0.49
Создание юнит-тестов,Покрыть модуль авторизации тестами.,0.44
Создание юнит-тестов,Покрыть модуль авторизации тестами.,0.41
Оптимизация алгоритма сортировки,Ускорить функцию сортировки в модуле отчетов.,0.51
Оптимизация алгоритма сортировки,Ускорить функцию сортировки в модуле отчетов.,0.49
Настройка логирования,Добавить логирование ошибок и действий пользователя.,0.52
Разработка утилиты для импорта данных,Создать CLI-скрипт для загрузки CSV в БД.,0.44
Создание юнит-тестов,Покрыть модуль авторизации тестами.,0.38
Оптимизация алгоритма сортировки,Ускорить функцию сортировки в модуле отчетов.,0.5
Создание юнит-тестов,Покрыть модуль авторизации тестами.,0.55
Оптимизация алгоритма сортировки,Ускорить функцию сортировки в модуле отчетов.,0.41
Настройка логирования,Добавить логирование ошибок и действий пользователя.,0.46
Создание юнит-тестов,Покрыть модуль авторизации тестами.,0.43
Разработка утилиты для импорта данных,Создать CLI-скрипт для загрузки CSV в БД.,0.47
Оптимизация алгоритма сортировки,Ускорить функцию сортировки в модуле отчетов.,0.52
Оптимизация алгоритма сортировки,Ускорить функцию сортировки в модуле отчетов.,0.43
Создание юнит-тестов,Покрыть модуль авторизации тестами.,0.42
Разработка утилиты для импорта данных,Создать CLI-скрипт для загрузки CSV в БД.,0.38
Оптимизация алгоритма сортировки,Ускорить функцию сортировки в модуле отчетов.,0.43
Оптимизация алгоритма сортировки,Ускорить функцию сортировки в модуле отчетов.,0.46
Интеграция с внешним API,Подключить REST API внешнего сервиса в фоновом режиме.,0.51
Создание юнит-тестов,Покрыть модуль авторизации тестами.,0.49
Оптимизация алгоритма сортировки,Ускорить функцию сортировки в модуле отчетов.,0.44
Интеграция с внешним API,Подключить REST API внешнего сервиса в фоновом режиме.,0.51
Оптимизация алгоритма сортировки,Ускорить функцию сортировки в модуле отчетов.,0.45
Оптимизация алгоритма сортировки,Ускорить функцию сортировки в модуле отчетов.,0.36
Создание юнит-тестов,Покрыть модуль авторизации тестами.,0.53
Создание юнит-тестов,Покрыть модуль авторизации тестами.,0.55
Интеграция с внешним API,Подключить REST API внешнего сервиса в фоновом режиме.,0.52
Разработка утилиты для импорта данных,Создать CLI-скрипт для загрузки CSV в БД.,0.36
Оптимизация алгоритма сортировки,Ускорить функцию сортировки в модуле отчетов.,0.4
Разработка утилиты для импорта данных,Создать CLI-скрипт для загрузки CSV в БД.,0.38
Оптимизация алгоритма сортировки,Ускорить функцию сортировки в модуле отчетов.,0.39
Интеграция с внешним API,Подключить REST API внешнего сервиса в фоновом режиме.,0.39
Оптимизация алгоритма сортировки,Ускорить функцию сортировки в модуле отчетов.,0.44
Интеграция с внешним API,Подключить REST API внешнего сервиса в фоновом режиме.,0.43
Разработка утилиты для импорта данных,Создать CLI-скрипт для загрузки CSV в БД.,0.41
Оптимизация алгоритма сортировки,Ускорить функцию сортировки в модуле отчетов.,0.49
Разработка утилиты для импорта данных,Создать CLI-скрипт для загрузки CSV в БД.,0.4
Настройка логирования,Добавить логирование ошибок и действий пользователя.,0.38
Оптимизация алгоритма сортировки,Ускорить функцию сортировки в модуле отчетов.,0.46
Настройка логирования,Добавить логирование ошибок и действий пользователя.,0.46
Создание юнит-тестов,Покрыть модуль авторизации тестами.,0.51
Настройка логирования,Добавить логирование ошибок и действий пользователя.,0.36
Создание юнит-тестов,Покрыть модуль авторизации тестами.,0.4
Создание юнит-тестов,Покрыть модуль авторизации тестами.,0.42
Оптимизация алгоритма сортировки,Ускорить функцию сортировки в модуле отчетов.,0.36
Оптимизация алгоритма сортировки,Ускорить функцию сортировки в модуле отчетов.,0.4
Создание юнит-тестов,Покрыть модуль авторизации тестами.,0.4
Настройка логирования,Добавить логирование ошибок и действий пользователя.,0.39
Разработка утилиты для импорта данных,Создать CLI-скрипт для загрузки CSV в БД.,0.39
Разработка утилиты для импорта данных,Создать CLI-скрипт для загрузки CSV в БД.,0.4
Разработка утилиты для импорта данных,Создать CLI-скрипт для загрузки CSV в БД.,0.45
Создание юнит-тестов,Покрыть модуль авторизации тестами.,0.49
Разработка утилиты для импорта данных,Создать CLI-скрипт для загрузки CSV в БД.,0.38
Интеграция с внешним API,Подключить REST API внешнего сервиса в фоновом режиме.,0.5
Оптимизация алгоритма сортировки,Ускорить функцию сортировки в модуле отчетов.,0.55
Создание юнит-тестов,Покрыть модуль авторизации тестами.,0.46
Оптимизация алгоритма сортировки,Ускорить функцию сортировки в модуле отчетов.,0.46
Разработка утилиты для импорта данных,Создать CLI-скрипт для загрузки CSV в БД.,0.42
Настройка логирования,Добавить логирование ошибок и действий пользователя.,0.45
Создание юнит-тестов,Покрыть модуль авторизации тестами.,0.54
Формирование плана релиза,Определить задачи и дедлайны ближайшего релиза.,0.66
Формирование плана релиза,Определить задачи и дедлайны ближайшего релиза.,0.74
Ревью архитектуры проекта,Проанализировать архитектуру перед масштабированием.,0.66
Ревью архитектуры проекта,Проанализировать архитектуру перед масштабированием.,0.73
Разработка функционала загрузки файлов,Пользователь должен иметь возможность загружать файлы.,0.57
Ревью архитектуры проекта,Проанализировать архитектуру перед масштабированием.,0.67
Настройка CI/CD,Подключить автоматическую сборку и деплой.,0.75
Настройка CI/CD,Подключить автоматическую сборку и деплой.,0.62
Ревью архитектуры проекта,Проанализировать архитектуру перед масштабированием.,0.61
Реализация модуля аутентификации,"Реализовать регистрацию, вход и проверку токенов.",0.65
Настройка CI/CD,Подключить автоматическую сборку и деплой.,0.69
Ревью архитектуры проекта,Проанализировать архитектуру перед масштабированием.,0.61
Формирование плана релиза,Определить задачи и дедлайны ближайшего релиза.,0.58
Разработка функционала загрузки файлов,Пользователь должен иметь возможность загружать файлы.,0.69
Ревью архитектуры проекта,Проанализировать архитектуру перед масштабированием.,0.6
Ревью архитектуры проекта,Проанализировать архитектуру перед масштабированием.,0.69
Настройка CI/CD,Подключить автоматическую сборку и деплой.,0.63
Ревью архитектуры проекта,Проанализировать архитектуру перед масштабированием.,0.73
Формирование плана релиза,Определить задачи и дедлайны ближайшего релиза.,0.74
Разработка функционала загрузки файлов,Пользователь должен иметь возможность загружать файлы.,0.61
Разработка функционала загрузки файлов,Пользователь должен иметь возможность загружать файлы.,0.68
Ревью архитектуры проекта,Проанализировать архитектуру перед масштабированием.,0.67
Реализация модуля аутентификации,"Реализовать регистрацию, вход и проверку токенов.",0.71
Формирование плана релиза,Определить задачи и дедлайны ближайшего релиза.,0.61
Реализация модуля аутентификации,"Реализовать регистрацию, вход и проверку токенов.",0.56
Ревью архитектуры проекта,Проанализировать архитектуру перед масштабированием.,0.58
Разработка функционала загрузки файлов,Пользователь должен иметь возможность загружать файлы.,0.58
Настройка CI/CD,Подключить автоматическую сборку и деплой.,0.57
Разработка функционала загрузки файлов,Пользователь должен иметь возможность загружать файлы.,0.6
Ревью архитектуры проекта,Проанализировать архитектуру перед масштабированием.,0.64
Разработка функционала загрузки файлов,Пользователь должен иметь возможность загружать файлы.,0.71
Разработка функционала загрузки файлов,Пользователь должен иметь возможность загружать файлы.,0.6
Разработка функционала загрузки файлов,Пользователь должен иметь возможность загружать файлы.,0.67
Разработка функционала загрузки файлов,Пользователь должен иметь возможность загружать файлы.,0.69
Настройка CI/CD,Подключить автоматическую сборку и деплой.,0.66
Формирование плана релиза,Определить задачи и дедлайны ближайшего релиза.,0.66
Разработка функционала загрузки файлов,Пользователь должен иметь возможность загружать файлы.,0.59
Настройка CI/CD,Подключить автоматическую сборку и деплой.,0.64
Разработка функционала загрузки файлов,Пользователь должен иметь возможность загружать файлы.,0.65
Ревью архитектуры проекта,Проанализировать архитектуру перед масштабированием.,0.61
Ревью архитектуры проекта,Проанализировать архитектуру перед масштабированием.,0.63
Формирование плана релиза,Определить задачи и дедлайны ближайшего релиза.,0.59
Формирование плана релиза,Определить задачи и дедлайны ближайшего релиза.,0.63
Формирование плана релиза,Определить задачи и дедлайны ближайшего релиза.,0.74
Настройка CI/CD,Подключить автоматическую сборку и деплой.,0.71
Реализация модуля аутентификации,"Реализовать регистрацию, вход и проверку токенов.",0.66
Формирование плана релиза,Определить задачи и дедлайны ближайшего релиза.,0.57
Разработка функционала загрузки файлов,Пользователь должен иметь возможность загружать файлы.,0.66
Разработка функционала загрузки файлов,Пользователь должен иметь возможность загружать файлы.,0.66
Ревью архитектуры проекта,Проанализировать архитектуру перед масштабированием.,0.75
Разработка функционала загрузки файлов,Пользователь должен иметь возможность загружать файлы.,0.64
Настройка CI/CD,Подключить автоматическую сборку и деплой.,0.62
Ревью архитектуры проекта,Проанализировать архитектуру перед масштабированием.,0.73
Настройка CI/CD,Подключить автоматическую сборку и деплой.,0.57
Формирование плана релиза,Определить задачи и дедлайны ближайшего релиза.,0.56
Реализация модуля аутентификации,"Реализовать регистрацию, вход и проверку токенов.",0.6
Формирование плана релиза,Определить задачи и дедлайны ближайшего релиза.,0.75
Разработка функционала загрузки файлов,Пользователь должен иметь возможность загружать файлы.,0.75
Ревью архитектуры проекта,Проанализировать архитектуру перед масштабированием.,0.72
Реализация модуля аутентификации,"Реализовать регистрацию, вход и проверку токенов.",0.65
Настройка CI/CD,Подключить автоматическую сборку и деплой.,0.7
Разработка функционала загрузки файлов,Пользователь должен иметь возможность загружать файлы.,0.58
Настройка CI/CD,Подключить автоматическую сборку и деплой.,0.61
Реализация модуля аутентификации,"Реализовать регистрацию, вход и проверку токенов.",0.63
Ревью архитектуры проекта,Проанализировать архитектуру перед масштабированием.,0.63
Ревью архитектуры проекта,Проанализировать архитектуру перед масштабированием.,0.59
Разработка функционала загрузки файлов,Пользователь должен иметь возможность загружать файлы.,0.66
Реализация модуля аутентификации,"Реализовать регистрацию, вход и проверку токенов.",0.73
Ревью архитектуры проекта,Проанализировать архитектуру перед масштабированием.,0.75
Разработка функционала загрузки файлов,Пользователь должен иметь возможность загружать файлы.,0.66
Разработка функционала загрузки файлов,Пользователь должен иметь возможность загружать файлы.,0.59
Реализация модуля аутентификации,"Реализовать регистрацию, вход и проверку токенов.",0.62
Реализация модуля аутентификации,"Реализовать регистрацию, вход и проверку токенов.",0.61
Разработка функционала загрузки файлов,Пользователь должен иметь возможность загружать файлы.,0.73
Разработка функционала загрузки файлов,Пользователь должен иметь возможность загружать файлы.,0.73
Разработка функционала загрузки файлов,Пользователь должен иметь возможность загружать файлы.,0.75
Настройка CI/CD,Подключить автоматическую сборку и деплой.,0.72
Реализация модуля аутентификации,"Реализовать регистрацию, вход и проверку токенов.",0.71
Реализация модуля аутентификации,"Реализовать регистрацию, вход и проверку токенов.",0.6
Ревью архитектуры проекта,Проанализировать архитектуру перед масштабированием.,0.59
Формирование плана релиза,Определить задачи и дедлайны ближайшего релиза.,0.7
Настройка CI/CD,Подключить автоматическую сборку и деплой.,0.73
Реализация модуля аутентификации,"Реализовать регистрацию, вход и проверку токенов.",0.57
Формирование плана релиза,Определить задачи и дедлайны ближайшего релиза.,0.64
Реализация модуля аутентификации,"Реализовать регистрацию, вход и проверку токенов.",0.7
Настройка CI/CD,Подключить автоматическую сборку и деплой.,0.67
Настройка CI/CD,Подключить автоматическую сборку и деплой.,0.58
Ревью архитектуры проекта,Проанализировать архитектуру перед масштабированием.,0.57
Реализация модуля аутентификации,"Реализовать регистрацию, вход и проверку токенов.",0.62
Реализация модуля аутентификации,"Реализовать регистрацию, вход и проверку токенов.",0.61
Формирование плана релиза,Определить задачи и дедлайны ближайшего релиза.,0.71
Разработка функционала загрузки файлов,Пользователь должен иметь возможность загружать файлы.,0.67
Ревью архитектуры проекта,Проанализировать архитектуру перед масштабированием.,0.7
Реализация модуля аутентификации,"Реализовать регистрацию, вход и проверку токенов.",0.7
Разработка функционала загрузки файлов,Пользователь должен иметь возможность загружать файлы.,0.59
Формирование плана релиза,Определить задачи и дедлайны ближайшего релиза.,0.56
Ревью архитектуры проекта,Проанализировать архитектуру перед масштабированием.,0.73
Настройка CI/CD,Подключить автоматическую сборку и деплой.,0.73
Реализация модуля аутентификации,"Реализовать регистрацию, вход и проверку токенов.",0.73
Ревью архитектуры проекта,Проанализировать архитектуру перед масштабированием.,0.58
Разработка функционала загрузки файлов,Пользователь должен иметь возможность загружать файлы.,0.64
Разработка функционала загрузки файлов,Пользователь должен иметь возможность загружать файлы.,0.73
Ревью архитектуры проекта,Проанализировать архитектуру перед масштабированием.,0.74
Настройка CI/CD,Подключить автоматическую сборку и деплой.,0.57
Настройка CI/CD,Подключить автоматическую сборку и деплой.,0.64
Формирование плана релиза,Определить задачи и дедлайны ближайшего релиза.,0.67
Реализация модуля аутентификации,"Реализовать регистрацию, вход и проверку токенов.",0.69
Разработка функционала загрузки файлов,Пользователь должен иметь возможность загружать файлы.,0.61
Реализация модуля аутентификации,"Реализовать регистрацию, вход и проверку токенов.",0.73
Ревью архитектуры проекта,Проанализировать архитектуру перед масштабированием.,0.72
Формирование плана релиза,Определить задачи и дедлайны ближайшего релиза.,0.57
Разработка функционала загрузки файлов,Пользователь должен иметь возможность загружать файлы.,0.67
Настройка CI/CD,Подключить автоматическую сборку и деплой.,0.63
Формирование плана релиза,Определить задачи и дедлайны ближайшего релиза.,0.62
Ревью архитектуры проекта,Проанализировать архитектуру перед масштабированием.,0.57
Формирование плана релиза,Определить задачи и дедлайны ближайшего релиза.,0.56
Настройка CI/CD,Подключить автоматическую сборку и деплой.,0.66
Настройка CI/CD,Подключить автоматическую сборку и деплой.,0.59
Формирование плана релиза,Определить задачи и дедлайны ближайшего релиза.,0.75
Ревью архитектуры проекта,Проанализировать архитектуру перед масштабированием.,0.61
Разработка функционала загрузки файлов,Пользователь должен иметь возможность загружать файлы.,0.74
Формирование плана релиза,Определить задачи и дедлайны ближайшего релиза.,0.7
Разработка функционала загрузки файлов,Пользователь должен иметь возможность загружать файлы.,0.68
Реализация модуля аутентификации,"Реализовать регистрацию, вход и проверку токенов.",0.69
Разработка функционала загрузки файлов,Пользователь должен иметь возможность загружать файлы.,0.67
Формирование плана релиза,Определить задачи и дедлайны ближайшего релиза.,0.69
Формирование плана релиза,Определить задачи и дедлайны ближайшего релиза.,0.71
Ревью архитектуры проекта,Проанализировать архитектуру перед масштабированием.,0.65
Реализация модуля аутентификации,"Реализовать регистрацию, вход и проверку токенов.",0.73
Формирование плана релиза,Определить задачи и дедлайны ближайшего релиза.,0.69
Ревью архитектуры проекта,Проанализировать архитектуру перед масштабированием.,0.72
Реализация модуля аутентификации,"Реализовать регистрацию, вход и проверку токенов.",0.74
Реализация модуля аутентификации,"Реализовать регистрацию, вход и проверку токенов.",0.74
Реализация модуля аутентификации,"Реализовать регистрацию, вход и проверку токенов.",0.6
Реализация модуля аутентификации,"Реализовать регистрацию, вход и проверку токенов.",0.63
Формирование плана релиза,Определить задачи и дедлайны ближайшего релиза.,0.72
Реализация модуля аутентификации,"Реализовать регистрацию, вход и проверку токенов.",0.71
Ревью архитектуры проекта,Проанализировать архитектуру перед масштабированием.,0.59
Ревью архитектуры проекта,Проанализировать архитектуру перед масштабированием.,0.73
Разработка функционала загрузки файлов,Пользователь должен иметь возможность загружать файлы.,0.73
Реализация модуля аутентификации,"Реализовать регистрацию, вход и проверку токенов.",0.72
Реализация модуля аутентификации,"Реализовать регистрацию, вход и проверку токенов.",0.61
Формирование плана релиза,Определить задачи и дедлайны ближайшего релиза.,0.74
Разработка функционала загрузки файлов,Пользователь должен иметь возможность загружать файлы.,0.59
Разработка функционала загрузки файлов,Пользователь должен иметь возможность загружать файлы.,0.67
Разработка функционала загрузки файлов,Пользователь должен иметь возможность загружать файлы.,0.59
Реализация модуля аутентификации,"Реализовать регистрацию, вход и проверку токенов.",0.69
Реализация модуля аутентификации,"Реализовать регистрацию, вход и проверку токенов.",0.71
Формирование плана релиза,Определить задачи и дедлайны ближайшего релиза.,0.7
Реализация модуля аутентификации,"Реализовать регистрацию, вход и проверку токенов.",0.73
Реализация модуля аутентификации,"Реализовать регистрацию, вход и проверку токенов.",0.74
Формирование плана релиза,Определить задачи и дедлайны ближайшего релиза.,0.59
Разработка функционала загрузки файлов,Пользователь должен иметь возможность загружать файлы.,0.67
Ревью архитектуры проекта,Проанализировать архитектуру перед масштабированием.,0.64
Формирование плана релиза,Определить задачи и дедлайны ближайшего релиза.,0.73
Ревью архитектуры проекта,Проанализировать архитектуру перед масштабированием.,0.73
Ревью архитектуры проекта,Проанализировать архитектуру перед масштабированием.,0.59
Разработка функционала загрузки файлов,Пользователь должен иметь возможность загружать файлы.,0.75
Разработка функционала загрузки файлов,Пользователь должен иметь возможность загружать файлы.,0.62
Разработка функционала загрузки файлов,Пользователь должен иметь возможность загружать файлы.,0.61
Разработка функционала загрузки файлов,Пользователь должен иметь возможность загружать файлы.,0.7
Разработка функционала загрузки файлов,Пользователь должен иметь возможность загружать файлы.,0.72
Реализация модуля аутентификации,"Реализовать регистрацию, вход и проверку токенов.",0.69
Формирование плана релиза,Определить задачи и дедлайны ближайшего релиза.,0.59
Реализация модуля аутентификации,"Реализовать регистрацию, вход и проверку токенов.",0.73
Настройка CI/CD,Подключить автоматическую сборку и деплой.,0.63
Формирование плана релиза,Определить задачи и дедлайны ближайшего релиза.,0.58
Настройка CI/CD,Подключить автоматическую сборку и деплой.,0.61
Реализация модуля аутентификации,"Реализовать регистрацию, вход и проверку токенов.",0.74
Ревью архитектуры проекта,Проанализировать архитектуру перед масштабированием.,0.57
Настройка CI/CD,Подключить автоматическую сборку и деплой.,0.72
Ревью архитектуры проекта,Проанализировать архитектуру перед масштабированием.,0.59
Разработка функционала загрузки файлов,Пользователь должен иметь возможность загружать файлы.,0.59
Настройка CI/CD,Подключить автоматическую сборку и деплой.,0.6
Формирование плана релиза,Определить задачи и дедлайны ближайшего релиза.,0.65
Ревью архитектуры проекта,Проанализировать архитектуру перед масштабированием.,0.58
Разработка функционала загрузки файлов,Пользователь должен иметь возможность загружать файлы.,0.74
Формирование плана релиза,Определить задачи и дедлайны ближайшего релиза.,0.73
Ревью архитектуры проекта,Проанализировать архитектуру перед масштабированием.,0.66
Разработка функционала загрузки файлов,Пользователь должен иметь возможность загружать файлы.,0.63
Ревью архитектуры проекта,Проанализировать архитектуру перед масштабированием.,0.58
Разработка функционала загрузки файлов,Пользователь должен иметь возможность загружать файлы.,0.71
Формирование плана релиза,Определить задачи и дедлайны ближайшего релиза.,0.57
Ревью архитектуры проекта,Проанализировать архитектуру перед масштабированием.,0.74
Ревью архитектуры проекта,Проанализировать архитектуру перед масштабированием.,0.69
Ревью архитектуры проекта,Проанализировать архитектуру перед масштабированием.,0.72
Разработка функционала загрузки файлов,Пользователь должен иметь возможность загружать файлы.,0.65
Настройка CI/CD,Подключить автоматическую сборку и деплой.,0.59
Реализация модуля аутентификации,"Реализовать регистрацию, вход и проверку токенов.",0.66
Реализация модуля аутентификации,"Реализовать регистрацию, вход и проверку токенов.",0.69
Разработка функционала загрузки файлов,Пользователь должен иметь возможность загружать файлы.,0.73
Формирование плана релиза,Определить задачи и дедлайны ближайшего релиза.,0.57
Формирование плана релиза,Определить задачи и дедлайны ближайшего релиза.,0.67
Разработка функционала загрузки файлов,Пользователь должен иметь возможность загружать файлы.,0.66
Разработка функционала загрузки файлов,Пользователь должен иметь возможность загружать файлы.,0.75
Разработка функционала загрузки файлов,Пользователь должен иметь возможность загружать файлы.,0.73
Ревью архитектуры проекта,Проанализировать архитектуру перед масштабированием.,0.6
Настройка CI/CD,Подключить автоматическую сборку и деплой.,0.59
Формирование плана релиза,Определить задачи и дедлайны ближайшего релиза.,0.67
Настройка CI/CD,Подключить автоматическую сборку и деплой.,0.64
Срочное исправление критического бага,Ошибка в продакшене вызывает падение сервиса — устранить немедленно.,0.98
Доработка перед релизом,Необходимо срочно завершить ключевой функционал перед выпуском версии.,0.91
Доработка перед релизом,Необходимо срочно завершить ключевой функционал перед выпуском версии.,0.94
Оптимизация скорости загрузки,В ближайшее время нужно ускорить рендер главной страницы.,0.98
Доработка перед релизом,Необходимо срочно завершить ключевой функционал перед выпуском версии.,0.82
Интеграция системы оплаты,Крайне важно подключить и протестировать платёжный шлюз.,0.8
Подготовка к демонстрации заказчику,Необходимо в кратчайшие сроки привести прототип в презентабельный вид.,0.9
Срочное исправление критического бага,Ошибка в продакшене вызывает падение сервиса — устранить немедленно.,0.97
Интеграция системы оплаты,Крайне важно подключить и протестировать платёжный шлюз.,0.97
Срочное исправление критического бага,Ошибка в продакшене вызывает падение сервиса — устранить немедленно.,0.82
Подготовка к демонстрации заказчику,Необходимо в кратчайшие сроки привести прототип в презентабельный вид.,0.86
Подготовка к демонстрации заказчику,Необходимо в кратчайшие сроки привести прототип в презентабельный вид.,0.87
Срочное исправление критического бага,Ошибка в продакшене вызывает падение сервиса — устранить немедленно.,0.96
Доработка перед релизом,Необходимо срочно завершить ключевой функционал перед выпуском версии.,0.81
Подготовка к демонстрации заказчику,Необходимо в кратчайшие сроки привести прототип в презентабельный вид.,0.97
Интеграция системы оплаты,Крайне важно подключить и протестировать платёжный шлюз.,0.91
Оптимизация скорости загрузки,В ближайшее время нужно ускорить рендер главной страницы.,0.94
Оптимизация скорости загрузки,В ближайшее время нужно ускорить рендер главной страницы.,0.95
Оптимизация скорости загрузки,В ближайшее время нужно ускорить рендер главной страницы.,0.81
Срочное исправление критического бага,Ошибка в продакшене вызывает падение сервиса — устранить немедленно.,0.98
Срочное исправление критического бага,Ошибка в продакшене вызывает падение сервиса — устранить немедленно.,0.85
Подготовка к демонстрации заказчику,Необходимо в кратчайшие сроки привести прототип в презентабельный вид.,0.83
Подготовка к демонстрации заказчику,Необходимо в кратчайшие сроки привести прототип в презентабельный вид.,0.77
Срочное исправление критического бага,Ошибка в продакшене вызывает падение сервиса — устранить немедленно.,0.83
Подготовка к демонстрации заказчику,Необходимо в кратчайшие сроки привести прототип в презентабельный вид.,0.99
Интеграция системы оплаты,Крайне важно подключить и протестировать платёжный шлюз.,0.97
Срочное исправление критического бага,Ошибка в продакшене вызывает падение сервиса — устранить немедленно.,0.99
Доработка перед релизом,Необходимо срочно завершить ключевой функционал перед выпуском версии.,0.96
Срочное исправление критического бага,Ошибка в продакшене вызывает падение сервиса — устранить немедленно.,0.86
Подготовка к демонстрации заказчику,Необходимо в кратчайшие сроки привести прототип в презентабельный вид.,0.98
Интеграция системы оплаты,Крайне важно подключить и протестировать платёжный шлюз.,0.98
Интеграция системы оплаты,Крайне важно подключить и протестировать платёжный шлюз.,0.91
Доработка перед релизом,Необходимо срочно завершить ключевой функционал перед выпуском версии.,0.93
Оптимизация скорости загрузки,В ближайшее время нужно ускорить рендер главной страницы.,0.81
Срочное исправление критического бага,Ошибка в продакшене вызывает падение сервиса — устранить немедленно.,0.86
Срочное исправление критического бага,Ошибка в продакшене вызывает падение сервиса — устранить немедленно.,0.89
Интеграция системы оплаты,Крайне важно подключить и протестировать платёжный шлюз.,0.8
Оптимизация скорости загрузки,В ближайшее время нужно ускорить рендер главной страницы.,0.81
Оптимизация скорости загрузки,В ближайшее время нужно ускорить рендер главной страницы.,0.78
Доработка перед релизом,Необходимо срочно завершить ключевой функционал перед выпуском версии.,0.88
Оптимизация скорости загрузки,В ближайшее время нужно ускорить рендер главной страницы.,0.84
Срочное исправление критического бага,Ошибка в продакшене вызывает падение сервиса — устранить немедленно.,0.84
Срочное исправление критического бага,Ошибка в продакшене вызывает падение сервиса — устранить немедленно.,0.88
Оптимизация скорости загрузки,В ближайшее время нужно ускорить рендер главной страницы.,0.83
Интеграция системы оплаты,Крайне важно подключить и протестировать платёжный шлюз.,0.77
Подготовка к демонстрации заказчику,Необходимо в кратчайшие сроки привести прототип в презентабельный вид.,0.88
Интеграция системы оплаты,Крайне важно подключить и протестировать платёжный шлюз.,0.98
Доработка перед релизом,Необходимо срочно завершить ключевой функционал перед выпуском версии.,0.79
Оптимизация скорости загрузки,В ближайшее время нужно ускорить рендер главной страницы.,0.9
Интеграция системы оплаты,Крайне важно подключить и протестировать платёжный шлюз.,0.78
Срочное исправление критического бага,Ошибка в продакшене вызывает падение сервиса — устранить немедленно.,0.77
Подготовка к демонстрации заказчику,Необходимо в кратчайшие сроки привести прототип в презентабельный вид.,0.76
Подготовка к демонстрации заказчику,Необходимо в кратчайшие сроки привести прототип в презентабельный вид.,0.77
Доработка перед релизом,Необходимо срочно завершить ключевой функционал перед выпуском версии.,0.87
Срочное исправление критического бага,Ошибка в продакшене вызывает падение сервиса — устранить немедленно.,0.78
Подготовка к демонстрации заказчику,Необходимо в кратчайшие сроки привести прототип в презентабельный вид.,0.99
Оптимизация скорости загрузки,В ближайшее время нужно ускорить рендер главной страницы.,0.89
Подготовка к демонстрации заказчику,Необходимо в кратчайшие сроки привести прототип в презентабельный вид.,0.97
Доработка перед релизом,Необходимо срочно завершить ключевой функционал перед выпуском версии.,0.95
Оптимизация скорости загрузки,В ближайшее время нужно ускорить рендер главной страницы.,0.78
Срочное исправление критического бага,Ошибка в продакшене вызывает падение сервиса — устранить немедленно.,0.8
Доработка перед релизом,Необходимо срочно завершить ключевой функционал перед выпуском версии.,0.85
Срочное исправление критического бага,Ошибка в продакшене вызывает падение сервиса — устранить немедленно.,0.95
Подготовка к демонстрации заказчику,Необходимо в кратчайшие сроки привести прототип в презентабельный вид.,0.89
Оптимизация скорости загрузки,В ближайшее время нужно ускорить рендер главной страницы.,0.79
Доработка перед релизом,Необходимо срочно завершить ключевой функционал перед выпуском версии.,0.78
Срочное исправление критического бага,Ошибка в продакшене вызывает падение сервиса — устранить немедленно.,0.96
Оптимизация скорости загрузки,В ближайшее время нужно ускорить рендер главной страницы.,0.9
Интеграция системы оплаты,Крайне важно подключить и протестировать платёжный шлюз.,0.89
Подготовка к демонстрации заказчику,Необходимо в кратчайшие сроки привести прототип в презентабельный вид.,0.85
Срочное исправление критического бага,Ошибка в продакшене вызывает падение сервиса — устранить немедленно.,0.76
Доработка перед релизом,Необходимо срочно завершить ключевой функционал перед выпуском версии.,0.93
Интеграция системы оплаты,Крайне важно подключить и протестировать платёжный шлюз.,0.95
Срочное исправление критического бага,Ошибка в продакшене вызывает падение сервиса — устранить немедленно.,0.82
Срочное исправление критического бага,Ошибка в продакшене вызывает падение сервиса — устранить немедленно.,0.89
Интеграция системы оплаты,Крайне важно подключить и протестировать платёжный шлюз.,0.95
Подготовка к демонстрации заказчику,Необходимо в кратчайшие сроки привести прототип в презентабельный вид.,0.76
Доработка перед релизом,Необходимо срочно завершить ключевой функционал перед выпуском версии.,0.94
Подготовка к демонстрации заказчику,Необходимо в кратчайшие сроки привести прототип в презентабельный вид.,0.77
Оптимизация скорости загрузки,В ближайшее время нужно ускорить рендер главной страницы.,0.95
Оптимизация скорости загрузки,В ближайшее время нужно ускорить рендер главной страницы.,0.85
Доработка перед релизом,Необходимо срочно завершить ключевой функционал перед выпуском версии.,0.85
Оптимизация скорости загрузки,В ближайшее время нужно ускорить рендер главной страницы.,0.92
Доработка перед релизом,Необходимо срочно завершить ключевой функционал перед выпуском версии.,0.89
Подготовка к демонстрации заказчику,Необходимо в кратчайшие сроки привести прототип в презентабельный вид.,0.91
Срочное исправление критического бага,Ошибка в продакшене вызывает падение сервиса — устранить немедленно.,0.98
Доработка перед релизом,Необходимо срочно завершить ключевой функционал перед выпуском версии.,0.76
Подготовка к демонстрации заказчику,Необходимо в кратчайшие сроки привести прототип в презентабельный вид.,0.97
Срочное исправление критического бага,Ошибка в продакшене вызывает падение сервиса — устранить немедленно.,0.77
Подготовка к демонстрации заказчику,Необходимо в кратчайшие сроки привести прототип в презентабельный вид.,0.96
Интеграция системы оплаты,Крайне важно подключить и протестировать платёжный шлюз.,0.94
Интеграция системы оплаты,Крайне важно подключить и протестировать платёжный шлюз.,0.79
Подготовка к демонстрации заказчику,Необходимо в кратчайшие сроки привести прототип в презентабельный вид.,0.95
Срочное исправление критического бага,Ошибка в продакшене вызывает падение сервиса — устранить немедленно.,0.77
Доработка перед релизом,Необходимо срочно завершить ключевой функционал перед выпуском версии.,0.9
Подготовка к демонстрации заказчику,Необходимо в кратчайшие сроки привести прототип в презентабельный вид.,0.89
Срочное исправление критического бага,Ошибка в продакшене вызывает падение сервиса — устранить немедленно.,0.88
Оптимизация скорости загрузки,В ближайшее время нужно ускорить рендер главной страницы.,0.84
Интеграция системы оплаты,Крайне важно подключить и протестировать платёжный шлюз.,0.78
Интеграция системы оплаты,Крайне важно подключить и протестировать платёжный шлюз.,0.95
Доработка перед релизом,Необходимо срочно завершить ключевой функционал перед выпуском версии.,0.95
Доработка перед релизом,Необходимо срочно завершить ключевой функционал перед выпуском версии.,0.79
Срочное исправление критического бага,Ошибка в продакшене вызывает падение сервиса — устранить немедленно.,0.88
Оптимизация скорости загрузки,В ближайшее время нужно ускорить рендер главной страницы.,0.81
Срочное исправление критического бага,Ошибка в продакшене вызывает падение сервиса — устранить немедленно.,0.78
Оптимизация скорости загрузки,В ближайшее время нужно ускорить рендер главной страницы.,0.98
Оптимизация скорости загрузки,В ближайшее время нужно ускорить рендер главной страницы.,0.87
Оптимизация скорости загрузки,В ближайшее время нужно ускорить рендер главной страницы.,0.81
Подготовка к демонстрации заказчику,Необходимо в кратчайшие сроки привести прототип в презентабельный вид.,0.97
Доработка перед релизом,Необходимо срочно завершить ключевой функционал перед выпуском версии.,0.98
Подготовка к демонстрации заказчику,Необходимо в кратчайшие сроки привести прототип в презентабельный вид.,0.77
Интеграция системы оплаты,Крайне важно подключить и протестировать платёжный шлюз.,0.96
Интеграция системы оплаты,Крайне важно подключить и протестировать платёжный шлюз.,0.86
Интеграция системы оплаты,Крайне важно подключить и протестировать платёжный шлюз.,0.8
Срочное исправление критического бага,Ошибка в продакшене вызывает падение сервиса — устранить немедленно.,0.97
Интеграция системы оплаты,Крайне важно подключить и протестировать платёжный шлюз.,0.89
Подготовка к демонстрации заказчику,Необходимо в кратчайшие сроки привести прототип в презентабельный вид.,0.89
Подготовка к демонстрации заказчику,Необходимо в кратчайшие сроки привести прототип в презентабельный вид.,0.93
Оптимизация скорости загрузки,В ближайшее время нужно ускорить рендер главной страницы.,0.86
Интеграция системы оплаты,Крайне важно подключить и протестировать платёжный шлюз.,0.96
Подготовка к демонстрации заказчику,Необходимо в кратчайшие сроки привести прототип в презентабельный вид.,0.95
Оптимизация скорости загрузки,В ближайшее время нужно ускорить рендер главной страницы.,0.79
Оптимизация скорости загрузки,В ближайшее время нужно ускорить рендер главной страницы.,0.77
Интеграция системы оплаты,Крайне важно подключить и протестировать платёжный шлюз.,0.97
Срочное исправление критического бага,Ошибка в продакшене вызывает падение сервиса — устранить немедленно.,0.98
Оптимизация скорости загрузки,В ближайшее время нужно ускорить рендер главной страницы.,0.86
Оптимизация скорости загрузки,В ближайшее время нужно ускорить рендер главной страницы.,0.78
Оптимизация скорости загрузки,В ближайшее время нужно ускорить рендер главной страницы.,0.92
Подготовка к демонстрации заказчику,Необходимо в кратчайшие сроки привести прототип в презентабельный вид.,0.99
Подготовка к демонстрации заказчику,Необходимо в кратчайшие сроки привести прототип в презентабельный вид.,0.79
Подготовка к демонстрации заказчику,Необходимо в кратчайшие сроки привести прототип в презентабельный вид.,0.84
Подготовка к демонстрации заказчику,Необходимо в кратчайшие сроки привести прототип в презентабельный вид.,0.87
Оптимизация скорости загрузки,В ближайшее время нужно ускорить рендер главной страницы.,0.81
Срочное исправление критического бага,Ошибка в продакшене вызывает падение сервиса — устранить немедленно.,0.77
Доработка перед релизом,Необходимо срочно завершить ключевой функционал перед выпуском версии.,0.91
Интеграция системы оплаты,Крайне важно подключить и протестировать платёжный шлюз.,0.93
Подготовка к демонстрации заказчику,Необходимо в кратчайшие сроки привести прототип в презентабельный вид.,0.98
Интеграция системы оплаты,Крайне важно подключить и протестировать платёжный шлюз.,0.81
Срочное исправление критического бага,Ошибка в продакшене вызывает падение сервиса — устранить немедленно.,0.85
Доработка перед релизом,Необходимо срочно завершить ключевой функционал перед выпуском версии.,0.77
Доработка перед релизом,Необходимо срочно завершить ключевой функционал перед выпуском версии.,0.8
Подготовка к демонстрации заказчику,Необходимо в кратчайшие сроки привести прототип в презентабельный вид.,0.87
Подготовка к демонстрации заказчику,Необходимо в кратчайшие сроки привести прототип в презентабельный вид.,0.92
Доработка перед релизом,Необходимо срочно завершить ключевой функционал перед выпуском версии.,0.81
Подготовка к демонстрации заказчику,Необходимо в кратчайшие сроки привести прототип в презентабельный вид.,0.81
Оптимизация скорости загрузки,В ближайшее время нужно ускорить рендер главной страницы.,0.87
Интеграция системы оплаты,Крайне важно подключить и протестировать платёжный шлюз.,0.9
Оптимизация скорости загрузки,В ближайшее время нужно ускорить рендер главной страницы.,0.8
Срочное исправление критического бага,Ошибка в продакшене вызывает падение сервиса — устранить немедленно.,0.96
Оптимизация скорости загрузки,В ближайшее время нужно ускорить рендер главной страницы.,0.99
Интеграция системы оплаты,Крайне важно подключить и протестировать платёжный шлюз.,0.8
Срочное исправление критического бага,Ошибка в продакшене вызывает падение сервиса — устранить немедленно.,0.87
Оптимизация скорости загрузки,В ближайшее время нужно ускорить рендер главной страницы.,0.93
Срочное исправление критического бага,Ошибка в продакшене вызывает падение сервиса — устранить немедленно.,0.96
Оптимизация скорости загрузки,В ближайшее время нужно ускорить рендер главной страницы.,0.86
Доработка перед релизом,Необходимо срочно завершить ключевой функционал перед выпуском версии.,0.85
Интеграция системы оплаты,Крайне важно подключить и протестировать платёжный шлюз.,0.98
Подготовка к демонстрации заказчику,Необходимо в кратчайшие сроки привести прототип в презентабельный вид.,0.89
Доработка перед релизом,Необходимо срочно завершить ключевой функционал перед выпуском версии.,0.81
Оптимизация скорости загрузки,В ближайшее время нужно ускорить рендер главной страницы.,0.84
Оптимизация скорости загрузки,В ближайшее время нужно ускорить рендер главной страницы.,0.92
Интеграция системы оплаты,Крайне важно подключить и протестировать платёжный шлюз.,0.95
Подготовка к демонстрации заказчику,Необходимо в кратчайшие сроки привести прототип в презентабельный вид.,0.88
Срочное исправление критического бага,Ошибка в продакшене вызывает падение сервиса — устранить немедленно.,0.86
Интеграция системы оплаты,Крайне важно подключить и протестировать платёжный шлюз.,0.83
Оптимизация скорости загрузки,В ближайшее время нужно ускорить рендер главной страницы.,0.96
Доработка перед релизом,Необходимо срочно завершить ключевой функционал перед выпуском версии.,0.78
Подготовка к демонстрации заказчику,Необходимо в кратчайшие сроки привести прототип в презентабельный вид.,0.98
Интеграция системы оплаты,Крайне важно подключить и протестировать платёжный шлюз.,0.95
Доработка перед релизом,Необходимо срочно завершить ключевой функционал перед выпуском версии.,0.92
Интеграция системы оплаты,Крайне важно подключить и протестировать платёжный шлюз.,0.98
Оптимизация скорости загрузки,В ближайшее время нужно ускорить рендер главной страницы.,0.76
Интеграция системы оплаты,Крайне важно подключить и протестировать платёжный шлюз.,0.86
Срочное исправление критического бага,Ошибка в продакшене вызывает падение сервиса — устранить немедленно.,0.84
Доработка перед релизом,Необходимо срочно завершить ключевой функционал перед выпуском версии.,0.98
Доработка перед релизом,Необходимо срочно завершить ключевой функционал перед выпуском версии.,0.94
Оптимизация скорости загрузки,В ближайшее время нужно ускорить рендер главной страницы.,0.81
Подготовка к демонстрации заказчику,Необходимо в кратчайшие сроки привести прототип в презентабельный вид.,0.93
Срочное исправление критического бага,Ошибка в продакшене вызывает падение сервиса — устранить немедленно.,0.85
Подготовка к демонстрации заказчику,Необходимо в кратчайшие сроки привести прототип в презентабельный вид.,0.77
Интеграция системы оплаты,Крайне важно подключить и протестировать платёжный шлюз.,0.98
Подготовка к демонстрации заказчику,Необходимо в кратчайшие сроки привести прототип в презентабельный вид.,0.8
Оптимизация скорости загрузки,В ближайшее время нужно ускорить рендер главной страницы.,0.97
Доработка перед релизом,Необходимо срочно завершить ключевой функционал перед выпуском версии.,0.81
Интеграция системы оплаты,Крайне важно подключить и протестировать платёжный шлюз.,0.95
Оптимизация скорости загрузки,В ближайшее время нужно ускорить рендер главной страницы.,0.85
Срочное исправление критического бага,Ошибка в продакшене вызывает падение сервиса — устранить немедленно.,0.9
Срочное исправление критического бага,Ошибка в продакшене вызывает падение сервиса — устранить немедленно.,0.88
Подготовка к демонстрации заказчику,Необходимо в кратчайшие сроки привести прототип в презентабельный вид.,0.97
Интеграция системы оплаты,Крайне важно подключить и протестировать платёжный шлюз.,0.92
Оптимизация скорости загрузки,В ближайшее время нужно ускорить рендер главной страницы.,0.9
Оптимизация скорости загрузки,В ближайшее время нужно ускорить рендер главной страницы.,0.95
Доработка перед релизом,Необходимо срочно завершить ключевой функционал перед выпуском версии.,0.84
Доработка перед релизом,Необходимо срочно завершить ключевой функционал перед выпуском версии.,0.87
Оптимизация скорости загрузки,В ближайшее время нужно ускорить рендер главной страницы.,0.84
Срочное исправление критического бага,Ошибка в продакшене вызывает падение сервиса — устранить немедленно.,0.79
Доработка перед релизом,Необходимо срочно завершить ключевой функционал перед выпуском версии.,0.88
Доработка перед релизом,Необходимо срочно завершить ключевой функционал перед выпуском версии.,0.99
Оптимизация скорости загрузки,В ближайшее время нужно ускорить рендер главной страницы.,0.95
Срочное исправление критического бага,Ошибка в продакшене вызывает падение сервиса — устранить немедленно.,0.85
